1,Inga Mullen,inga.mullen@duke.edu,2021,NULL,NULL
2,Emmanuel Deleon,emmanuel.deleon@duke.edu,2020,NULL,NULL
3,Octavia Ayala,octavia.ayala@duke.edu,2019,NULL,NULL
4,Kessie Briggs,kessie.briggs@duke.edu,2022,NULL,NULL
5,Iris Aguilar,iris.aguilar@duke.edu,2020,NULL,NULL
6,Bertha Watson,bertha.watson@duke.edu,2019,NULL,NULL
7,Anne Holmes,anne.holmes@duke.edu,2021,NULL,NULL
8,Reese Acosta,reese.acosta@duke.edu,2022,NULL,NULL
9,Rajah Alvarez,rajah.alvarez@duke.edu,2019,NULL,NULL
10,Oleg Underwood,oleg.underwood@duke.edu,2021,NULL,NULL
11,Iliana Owens,iliana.owens@duke.edu,2022,NULL,NULL
12,Jaime Buck,jaime.buck@duke.edu,2019,NULL,NULL
13,Ronan Merrill,ronan.merrill@duke.edu,2020,NULL,NULL
14,Ginger Wyatt,ginger.wyatt@duke.edu,2020,NULL,NULL
15,Abraham Reid,abraham.reid@duke.edu,2019,NULL,NULL
16,Deacon Mclean,deacon.mclean@duke.edu,2021,NULL,NULL
17,Brody Morin,brody.morin@duke.edu,2022,NULL,NULL
18,William Parker,william.parker@duke.edu,2021,NULL,NULL
19,Rinah Fowler,rinah.fowler@duke.edu,2020,NULL,NULL
20,Angela Young,angela.young@duke.edu,2022,NULL,NULL
21,Kieran Nielsen,kieran.nielsen@duke.edu,2020,NULL,NULL
22,Guinevere Abbott,guinevere.abbott@duke.edu,2020,NULL,NULL
23,Griffin Holmes,griffin.holmes@duke.edu,2022,NULL,NULL
24,Ross Garcia,ross.garcia@duke.edu,2021,NULL,NULL
25,Noel Mclean,noel.mclean@duke.edu,2019,NULL,NULL
26,Bruno Mcfadden,bruno.mcfadden@duke.edu,2022,NULL,NULL
27,Giacomo Gregory,giacomo.gregory@duke.edu,2020,NULL,NULL
28,Kylan Hunter,kylan.hunter@duke.edu,2022,NULL,NULL
29,Cade Galloway,cade.galloway@duke.edu,2022,NULL,NULL
30,Phelan Justice,phelan.justice@duke.edu,2021,NULL,NULL
31,Evangeline Cleveland,evangeline.cleveland@duke.edu,2019,NULL,NULL
32,Sonia Duffy,sonia.duffy@duke.edu,2021,NULL,NULL
33,Jackson Acevedo,jackson.acevedo@duke.edu,2022,NULL,NULL
34,Tucker Huber,tucker.huber@duke.edu,2020,NULL,NULL
35,Kaseem Salazar,kaseem.salazar@duke.edu,2021,NULL,NULL
36,Emi Jordan,emi.jordan@duke.edu,2022,NULL,NULL
37,Olga Mcmahon,olga.mcmahon@duke.edu,2022,NULL,NULL
38,Anika Oneil,anika.oneil@duke.edu,2022,NULL,NULL
39,Ariel Hart,ariel.hart@duke.edu,2021,NULL,NULL
40,Raphael Bowers,raphael.bowers@duke.edu,2022,NULL,NULL
41,Dara Johnson,dara.johnson@duke.edu,2021,NULL,NULL
42,Emerson Ellison,emerson.ellison@duke.edu,2021,NULL,NULL
43,Cullen Barton,cullen.barton@duke.edu,2022,NULL,NULL
44,Abra Wall,abra.wall@duke.edu,2020,NULL,NULL
45,Kylie Witt,kylie.witt@duke.edu,2019,NULL,NULL
46,Remedios Morales,remedios.morales@duke.edu,2020,NULL,NULL
47,Brooke Sullivan,brooke.sullivan@duke.edu,2022,NULL,NULL
48,Jaquelyn Hoover,jaquelyn.hoover@duke.edu,2021,NULL,NULL
49,Alma Hawkins,alma.hawkins@duke.edu,2020,NULL,NULL
50,Phillip Pacheco,phillip.pacheco@duke.edu,2019,NULL,NULL
51,Aaron Gregory,aaron.gregory@duke.edu,2020,NULL,NULL
52,Jerome Smith,jerome.smith@duke.edu,2020,NULL,NULL
53,Carla Greer,carla.greer@duke.edu,2022,NULL,NULL
54,Fulton Meyers,fulton.meyers@duke.edu,2021,NULL,NULL
55,Joan Ratliff,joan.ratliff@duke.edu,2019,NULL,NULL
56,Quentin Grant,quentin.grant@duke.edu,2021,NULL,NULL
57,Jamalia Cash,jamalia.cash@duke.edu,2020,NULL,NULL
58,Avram Dodson,avram.dodson@duke.edu,2020,NULL,NULL
59,Samantha Bailey,samantha.bailey@duke.edu,2019,NULL,NULL
60,Brenda Kline,brenda.kline@duke.edu,2020,NULL,NULL
61,Willa Durham,willa.durham@duke.edu,2022,NULL,NULL
62,Wesley Bradshaw,wesley.bradshaw@duke.edu,2022,NULL,NULL
63,Basil Rose,basil.rose@duke.edu,2020,NULL,NULL
64,Talon Roach,talon.roach@duke.edu,2020,NULL,NULL
65,Mercedes Alford,mercedes.alford@duke.edu,2020,NULL,NULL
66,Sacha Ratliff,sacha.ratliff@duke.edu,2020,NULL,NULL
67,Cailin Schroeder,cailin.schroeder@duke.edu,2020,NULL,NULL
68,Yeo Brennan,yeo.brennan@duke.edu,2021,NULL,NULL
69,Hayley Fletcher,hayley.fletcher@duke.edu,2022,NULL,NULL
70,Neil Cooke,neil.cooke@duke.edu,2019,NULL,NULL
71,Leslie Golden,leslie.golden@duke.edu,2019,NULL,NULL
72,Ina Chang,ina.chang@duke.edu,2020,NULL,NULL
73,Moses Vang,moses.vang@duke.edu,2021,NULL,NULL
74,Wallace Coleman,wallace.coleman@duke.edu,2021,NULL,NULL
75,Camden Schmidt,camden.schmidt@duke.edu,2019,NULL,NULL
76,Lucian Galloway,lucian.galloway@duke.edu,2019,NULL,NULL
77,Roth Lloyd,roth.lloyd@duke.edu,2019,NULL,NULL
78,Demetria Brock,demetria.brock@duke.edu,2019,NULL,NULL
79,Gisela Mcdonald,gisela.mcdonald@duke.edu,2022,NULL,NULL
80,Regina Olsen,regina.olsen@duke.edu,2019,NULL,NULL
81,Vaughan Collins,vaughan.collins@duke.edu,2020,NULL,NULL
82,Daphne Villarreal,daphne.villarreal@duke.edu,2019,NULL,NULL
83,Aretha Gates,aretha.gates@duke.edu,2020,NULL,NULL
84,Sheila Steele,sheila.steele@duke.edu,2020,NULL,NULL
85,Taylor Ramsey,taylor.ramsey@duke.edu,2021,NULL,NULL
86,Benedict Lang,benedict.lang@duke.edu,2021,NULL,NULL
87,Ian Cash,ian.cash@duke.edu,2021,NULL,NULL
88,Kiayada Cotton,kiayada.cotton@duke.edu,2019,NULL,NULL
89,Tanisha Petty,tanisha.petty@duke.edu,2022,NULL,NULL
90,Sara Campbell,sara.campbell@duke.edu,2022,NULL,NULL
91,Kuame Nunez,kuame.nunez@duke.edu,2019,NULL,NULL
92,Althea Acosta,althea.acosta@duke.edu,2019,NULL,NULL
93,Herrod Pittman,herrod.pittman@duke.edu,2022,NULL,NULL
94,Liberty Bennett,liberty.bennett@duke.edu,2019,NULL,NULL
95,Plato Stout,plato.stout@duke.edu,2022,NULL,NULL
96,Buffy Oliver,buffy.oliver@duke.edu,2019,NULL,NULL
97,Fitzgerald Spencer,fitzgerald.spencer@duke.edu,2022,NULL,NULL
98,Dominic Barr,dominic.barr@duke.edu,2019,NULL,NULL
99,Wyoming Bray,wyoming.bray@duke.edu,2020,NULL,NULL
100,Remedios Snider,remedios.snider@duke.edu,2021,NULL,NULL
101,Len Sharpe,len.sharpe@duke.edu,2022,NULL,NULL
102,Alden Mcfarland,alden.mcfarland@duke.edu,2021,NULL,NULL
103,Dacey Ryan,dacey.ryan@duke.edu,2020,NULL,NULL
104,Justina Dalton,justina.dalton@duke.edu,2022,NULL,NULL
105,Russell Mcfarland,russell.mcfarland@duke.edu,2019,NULL,NULL
106,Tyrone Lang,tyrone.lang@duke.edu,2021,NULL,NULL
107,MacKenzie Bowen,mackenzie.bowen@duke.edu,2021,NULL,NULL
108,Ezekiel Jefferson,ezekiel.jefferson@duke.edu,2022,NULL,NULL
109,Elmo Woodward,elmo.woodward@duke.edu,2020,NULL,NULL
110,Nathan Mcintyre,nathan.mcintyre@duke.edu,2019,NULL,NULL
111,Courtney Booker,courtney.booker@duke.edu,2022,NULL,NULL
112,Tanner Hatfield,tanner.hatfield@duke.edu,2021,NULL,NULL
113,Andrew Sims,andrew.sims@duke.edu,2022,NULL,NULL
114,Dorothy Guthrie,dorothy.guthrie@duke.edu,2021,NULL,NULL
115,Brock Hurst,brock.hurst@duke.edu,2019,NULL,NULL
116,Ross Neal,ross.neal@duke.edu,2020,NULL,NULL
117,September Bell,september.bell@duke.edu,2020,NULL,NULL
118,Sybil Pratt,sybil.pratt@duke.edu,2020,NULL,NULL
119,Chaim Collins,chaim.collins@duke.edu,2019,NULL,NULL
120,Blaine Solis,blaine.solis@duke.edu,2019,NULL,NULL
121,Plato Chang,plato.chang@duke.edu,2019,NULL,NULL
122,Giacomo Larsen,giacomo.larsen@duke.edu,2019,NULL,NULL
123,Clio Shaw,clio.shaw@duke.edu,2020,NULL,NULL
124,Walker Mendoza,walker.mendoza@duke.edu,2022,NULL,NULL
125,Rina Mcclure,rina.mcclure@duke.edu,2020,NULL,NULL
126,Kirsten Kent,kirsten.kent@duke.edu,2021,NULL,NULL
127,Luke Padilla,luke.padilla@duke.edu,2020,NULL,NULL
128,Nadine Alvarado,nadine.alvarado@duke.edu,2022,NULL,NULL
129,Phillip Campos,phillip.campos@duke.edu,2019,NULL,NULL
130,Castor Lamb,castor.lamb@duke.edu,2019,NULL,NULL
131,Ahmed Nunez,ahmed.nunez@duke.edu,2020,NULL,NULL
132,Troy Holman,troy.holman@duke.edu,2022,NULL,NULL
133,Aubrey Buchanan,aubrey.buchanan@duke.edu,2021,NULL,NULL
134,Ashton Pruitt,ashton.pruitt@duke.edu,2021,NULL,NULL
135,Caleb Holden,caleb.holden@duke.edu,2021,NULL,NULL
136,Mia Crawford,mia.crawford@duke.edu,2019,NULL,NULL
137,Herman Bean,herman.bean@duke.edu,2021,NULL,NULL
138,Flynn Berger,flynn.berger@duke.edu,2020,NULL,NULL
139,Trevor Cardenas,trevor.cardenas@duke.edu,2021,NULL,NULL
140,Ralph Mays,ralph.mays@duke.edu,2022,NULL,NULL
141,Sage Knapp,sage.knapp@duke.edu,2019,NULL,NULL
142,Eliana Sheppard,eliana.sheppard@duke.edu,2022,NULL,NULL
143,Gareth Petersen,gareth.petersen@duke.edu,2021,NULL,NULL
144,Deacon Sanchez,deacon.sanchez@duke.edu,2019,NULL,NULL
145,Oren Rhodes,oren.rhodes@duke.edu,2022,NULL,NULL
146,Allistair Irwin,allistair.irwin@duke.edu,2021,NULL,NULL
147,Brooke Kinney,brooke.kinney@duke.edu,2021,NULL,NULL
148,Kessie York,kessie.york@duke.edu,2021,NULL,NULL
149,Kenneth Hart,kenneth.hart@duke.edu,2020,NULL,NULL
150,Cathleen Shaw,cathleen.shaw@duke.edu,2019,NULL,NULL
151,Aurora Abbott,aurora.abbott@duke.edu,2019,NULL,NULL
152,Hilel Moreno,hilel.moreno@duke.edu,2020,NULL,NULL
153,Mark Tran,mark.tran@duke.edu,2021,NULL,NULL
154,Caleb Griffith,caleb.griffith@duke.edu,2022,NULL,NULL
155,Mollie Hinton,mollie.hinton@duke.edu,2020,NULL,NULL
156,Dai Gross,dai.gross@duke.edu,2020,NULL,NULL
157,May Walters,may.walters@duke.edu,2020,NULL,NULL
158,Fulton Long,fulton.long@duke.edu,2022,NULL,NULL
159,Jesse Daugherty,jesse.daugherty@duke.edu,2022,NULL,NULL
160,Dane Medina,dane.medina@duke.edu,2020,NULL,NULL
161,Joseph Hogan,joseph.hogan@duke.edu,2021,NULL,NULL
162,Ray Duke,ray.duke@duke.edu,2021,NULL,NULL
163,Harlan Blair,harlan.blair@duke.edu,2019,NULL,NULL
164,Brynne Solis,brynne.solis@duke.edu,2021,NULL,NULL
165,Illiana Mayer,illiana.mayer@duke.edu,2021,NULL,NULL
166,Brenda Woodward,brenda.woodward@duke.edu,2022,NULL,NULL
167,Martin Gates,martin.gates@duke.edu,2021,NULL,NULL
168,Neve Jenkins,neve.jenkins@duke.edu,2022,NULL,NULL
169,Jacqueline Mcneil,jacqueline.mcneil@duke.edu,2020,NULL,NULL
170,Zorita Jones,zorita.jones@duke.edu,2019,NULL,NULL
171,Chastity Wade,chastity.wade@duke.edu,2019,NULL,NULL
172,Baker Hodge,baker.hodge@duke.edu,2019,NULL,NULL
173,Boris Avery,boris.avery@duke.edu,2021,NULL,NULL
174,Rebekah Douglas,rebekah.douglas@duke.edu,2020,NULL,NULL
175,Barbara Higgins,barbara.higgins@duke.edu,2019,NULL,NULL
176,Otto Wilcox,otto.wilcox@duke.edu,2022,NULL,NULL
177,Ayanna Dickerson,ayanna.dickerson@duke.edu,2020,NULL,NULL
178,Clinton Reynolds,clinton.reynolds@duke.edu,2020,NULL,NULL
179,Avram Webster,avram.webster@duke.edu,2019,NULL,NULL
180,Yvette Owens,yvette.owens@duke.edu,2019,NULL,NULL
181,Kelsey Cash,kelsey.cash@duke.edu,2019,NULL,NULL
182,Ashton Noel,ashton.noel@duke.edu,2020,NULL,NULL
183,Tanek Haley,tanek.haley@duke.edu,2022,NULL,NULL
184,Tatiana Boyle,tatiana.boyle@duke.edu,2022,NULL,NULL
185,Dale Crawford,dale.crawford@duke.edu,2022,NULL,NULL
186,Yael Lowe,yael.lowe@duke.edu,2022,NULL,NULL
187,Iola Summers,iola.summers@duke.edu,2021,NULL,NULL
188,Charissa Pugh,charissa.pugh@duke.edu,2021,NULL,NULL
189,Brody Hoffman,brody.hoffman@duke.edu,2021,NULL,NULL
190,Mechelle Herring,mechelle.herring@duke.edu,2022,NULL,NULL
191,Kirsten Snyder,kirsten.snyder@duke.edu,2019,NULL,NULL
192,Francesca Warner,francesca.warner@duke.edu,2021,NULL,NULL
193,Hillary Nunez,hillary.nunez@duke.edu,2021,NULL,NULL
194,Rowan Owen,rowan.owen@duke.edu,2022,NULL,NULL
195,Malcolm Forbes,malcolm.forbes@duke.edu,2020,NULL,NULL
196,Dominic Dixon,dominic.dixon@duke.edu,2020,NULL,NULL
197,Alea Zamora,alea.zamora@duke.edu,2022,NULL,NULL
198,Cherokee Fry,cherokee.fry@duke.edu,2021,NULL,NULL
199,Quinn Munoz,quinn.munoz@duke.edu,2021,NULL,NULL
200,Devin Cantrell,devin.cantrell@duke.edu,2022,NULL,NULL
201,Donovan Jones,donovan.jones@duke.edu,2022,NULL,NULL
202,Vanna Wolfe,vanna.wolfe@duke.edu,2021,NULL,NULL
203,Brynne Young,brynne.young@duke.edu,2020,NULL,NULL
204,Daria Carver,daria.carver@duke.edu,2022,NULL,NULL
205,Willow Lindsay,willow.lindsay@duke.edu,2020,NULL,NULL
206,Mark Byrd,mark.byrd@duke.edu,2022,NULL,NULL
207,Nomlanga Contreras,nomlanga.contreras@duke.edu,2019,NULL,NULL
208,Hillary Roberson,hillary.roberson@duke.edu,2019,NULL,NULL
209,Hayden Sherman,hayden.sherman@duke.edu,2022,NULL,NULL
210,Charlotte Valenzuela,charlotte.valenzuela@duke.edu,2020,NULL,NULL
211,Leilani Dudley,leilani.dudley@duke.edu,2020,NULL,NULL
212,Wyatt Patel,wyatt.patel@duke.edu,2019,NULL,NULL
213,Ferdinand Woodward,ferdinand.woodward@duke.edu,2019,NULL,NULL
214,Quintessa Norris,quintessa.norris@duke.edu,2019,NULL,NULL
215,Eliana Carson,eliana.carson@duke.edu,2022,NULL,NULL
216,Ima Wheeler,ima.wheeler@duke.edu,2022,NULL,NULL
217,Craig Cummings,craig.cummings@duke.edu,2021,NULL,NULL
218,Kevyn Gilbert,kevyn.gilbert@duke.edu,2022,NULL,NULL
219,Candace Dixon,candace.dixon@duke.edu,2022,NULL,NULL
220,Driscoll Romero,driscoll.romero@duke.edu,2020,NULL,NULL
221,Rhonda Garcia,rhonda.garcia@duke.edu,2019,NULL,NULL
222,Marsden Tate,marsden.tate@duke.edu,2021,NULL,NULL
223,Preston Lee,preston.lee@duke.edu,2022,NULL,NULL
224,Ulric Henson,ulric.henson@duke.edu,2020,NULL,NULL
225,Addison Hickman,addison.hickman@duke.edu,2022,NULL,NULL
226,Imani Mejia,imani.mejia@duke.edu,2019,NULL,NULL
227,Driscoll Callahan,driscoll.callahan@duke.edu,2022,NULL,NULL
228,Ayanna Byrd,ayanna.byrd@duke.edu,2022,NULL,NULL
229,Sybil Espinoza,sybil.espinoza@duke.edu,2019,NULL,NULL
230,Lionel Buckley,lionel.buckley@duke.edu,2021,NULL,NULL
231,Eaton Hartman,eaton.hartman@duke.edu,2022,NULL,NULL
232,Urielle Rollins,urielle.rollins@duke.edu,2022,NULL,NULL
233,Benedict Ingram,benedict.ingram@duke.edu,2021,NULL,NULL
234,Finn Day,finn.day@duke.edu,2021,NULL,NULL
235,Allistair Crosby,allistair.crosby@duke.edu,2019,NULL,NULL
236,Cade Mckinney,cade.mckinney@duke.edu,2020,NULL,NULL
237,Nora Cotton,nora.cotton@duke.edu,2021,NULL,NULL
238,Blossom Middleton,blossom.middleton@duke.edu,2022,NULL,NULL
239,Nyssa Baird,nyssa.baird@duke.edu,2022,NULL,NULL
240,Rowan Whitley,rowan.whitley@duke.edu,2020,NULL,NULL
241,Samantha Lloyd,samantha.lloyd@duke.edu,2021,NULL,NULL
242,Ursa Barr,ursa.barr@duke.edu,2022,NULL,NULL
243,Charde Perez,charde.perez@duke.edu,2019,NULL,NULL
244,Madaline Leonard,madaline.leonard@duke.edu,2021,NULL,NULL
245,Olga Tyson,olga.tyson@duke.edu,2020,NULL,NULL
246,Isaiah Mcclain,isaiah.mcclain@duke.edu,2020,NULL,NULL
247,Laura Valencia,laura.valencia@duke.edu,2021,NULL,NULL
248,Suki Barrett,suki.barrett@duke.edu,2020,NULL,NULL
249,Ruby Terrell,ruby.terrell@duke.edu,2020,NULL,NULL
250,Belle Walton,belle.walton@duke.edu,2022,NULL,NULL
251,Ella Haynes,ella.haynes@duke.edu,2019,NULL,NULL
252,Graiden Gamble,graiden.gamble@duke.edu,2021,NULL,NULL
253,Ella Barron,ella.barron@duke.edu,2019,NULL,NULL
254,Karen Weber,karen.weber@duke.edu,2019,NULL,NULL
255,Galvin Baxter,galvin.baxter@duke.edu,2020,NULL,NULL
256,Paul Pittman,paul.pittman@duke.edu,2021,NULL,NULL
257,Michelle Reeves,michelle.reeves@duke.edu,2020,NULL,NULL
258,Nita Chapman,nita.chapman@duke.edu,2020,NULL,NULL
259,Timon Battle,timon.battle@duke.edu,2022,NULL,NULL
260,Odessa Ryan,odessa.ryan@duke.edu,2022,NULL,NULL
261,Aquila Graham,aquila.graham@duke.edu,2019,NULL,NULL
262,Quinlan Massey,quinlan.massey@duke.edu,2019,NULL,NULL
263,Marshall Oliver,marshall.oliver@duke.edu,2019,NULL,NULL
264,Flavia Nunez,flavia.nunez@duke.edu,2022,NULL,NULL
265,Dominic Cherry,dominic.cherry@duke.edu,2019,NULL,NULL
266,Kane Hutchinson,kane.hutchinson@duke.edu,2022,NULL,NULL
267,Hiram Cain,hiram.cain@duke.edu,2020,NULL,NULL
268,Ursula Forbes,ursula.forbes@duke.edu,2020,NULL,NULL
269,Hope Guerrero,hope.guerrero@duke.edu,2021,NULL,NULL
270,Nero Berg,nero.berg@duke.edu,2020,NULL,NULL
271,Keegan Gardner,keegan.gardner@duke.edu,2019,NULL,NULL
272,Hunter Tyler,hunter.tyler@duke.edu,2019,NULL,NULL
273,Sylvester Cox,sylvester.cox@duke.edu,2022,NULL,NULL
274,Cole Sawyer,cole.sawyer@duke.edu,2022,NULL,NULL
275,Clark Leonard,clark.leonard@duke.edu,2020,NULL,NULL
276,Mallory Cobb,mallory.cobb@duke.edu,2022,NULL,NULL
277,Cullen Mills,cullen.mills@duke.edu,2020,NULL,NULL
278,Dieter Richardson,dieter.richardson@duke.edu,2019,NULL,NULL
279,Kelly Bonner,kelly.bonner@duke.edu,2021,NULL,NULL
280,Kylie Bond,kylie.bond@duke.edu,2021,NULL,NULL
281,Allegra Horn,allegra.horn@duke.edu,2022,NULL,NULL
282,Nicole Randall,nicole.randall@duke.edu,2020,NULL,NULL
283,Farrah Nunez,farrah.nunez@duke.edu,2021,NULL,NULL
284,Chandler Hall,chandler.hall@duke.edu,2022,NULL,NULL
285,Chancellor Guzman,chancellor.guzman@duke.edu,2022,NULL,NULL
286,Francis Bruce,francis.bruce@duke.edu,2021,NULL,NULL
287,Conan Wise,conan.wise@duke.edu,2019,NULL,NULL
288,Garth Mosley,garth.mosley@duke.edu,2020,NULL,NULL
289,Sydney Finley,sydney.finley@duke.edu,2021,NULL,NULL
290,Akeem Osborne,akeem.osborne@duke.edu,2021,NULL,NULL
291,Dorothy Solomon,dorothy.solomon@duke.edu,2019,NULL,NULL
292,Kylan Hewitt,kylan.hewitt@duke.edu,2021,NULL,NULL
293,Shay Johnston,shay.johnston@duke.edu,2021,NULL,NULL
294,Melyssa Gilliam,melyssa.gilliam@duke.edu,2022,NULL,NULL
295,Deacon Patton,deacon.patton@duke.edu,2022,NULL,NULL
296,Simon Brennan,simon.brennan@duke.edu,2019,NULL,NULL
297,Leslie Mejia,leslie.mejia@duke.edu,2021,NULL,NULL
298,Rachel Burns,rachel.burns@duke.edu,2019,NULL,NULL
299,Phillip Wiley,phillip.wiley@duke.edu,2022,NULL,NULL
300,Tanisha Matthews,tanisha.matthews@duke.edu,2022,NULL,NULL
301,Rama Lambert,rama.lambert@duke.edu,2019,NULL,NULL
302,Ian Head,ian.head@duke.edu,2021,NULL,NULL
303,Zia Blackwell,zia.blackwell@duke.edu,2020,NULL,NULL
304,Genevieve Collier,genevieve.collier@duke.edu,2021,NULL,NULL
305,Winifred Rosa,winifred.rosa@duke.edu,2022,NULL,NULL
306,Kendall Alford,kendall.alford@duke.edu,2022,NULL,NULL
307,Herrod Mcneil,herrod.mcneil@duke.edu,2020,NULL,NULL
308,Delilah Garza,delilah.garza@duke.edu,2019,NULL,NULL
309,Burton Burke,burton.burke@duke.edu,2020,NULL,NULL
310,Uma White,uma.white@duke.edu,2020,NULL,NULL
311,Hillary Travis,hillary.travis@duke.edu,2020,NULL,NULL
312,Jamalia Reeves,jamalia.reeves@duke.edu,2022,NULL,NULL
313,Shelly Vasquez,shelly.vasquez@duke.edu,2020,NULL,NULL
314,Oren Shields,oren.shields@duke.edu,2019,NULL,NULL
315,Vincent Landry,vincent.landry@duke.edu,2022,NULL,NULL
316,Travis Reynolds,travis.reynolds@duke.edu,2021,NULL,NULL
317,Ashton Rodgers,ashton.rodgers@duke.edu,2020,NULL,NULL
318,Jayme Lane,jayme.lane@duke.edu,2021,NULL,NULL
319,Helen Fox,helen.fox@duke.edu,2020,NULL,NULL
320,Hamilton Jennings,hamilton.jennings@duke.edu,2020,NULL,NULL
321,Kerry Mckay,kerry.mckay@duke.edu,2022,NULL,NULL
322,Kiayada Slater,kiayada.slater@duke.edu,2020,NULL,NULL
323,Macey Parsons,macey.parsons@duke.edu,2022,NULL,NULL
324,Philip Hicks,philip.hicks@duke.edu,2021,NULL,NULL
325,Brent Paul,brent.paul@duke.edu,2022,NULL,NULL
326,Stone Huffman,stone.huffman@duke.edu,2021,NULL,NULL
327,Brynne Foley,brynne.foley@duke.edu,2022,NULL,NULL
328,Sybil Knapp,sybil.knapp@duke.edu,2021,NULL,NULL
329,Jin Avila,jin.avila@duke.edu,2019,NULL,NULL
330,Kerry Moran,kerry.moran@duke.edu,2021,NULL,NULL
331,Austin Wynn,austin.wynn@duke.edu,2021,NULL,NULL
332,Russell Cervantes,russell.cervantes@duke.edu,2019,NULL,NULL
333,Cade Kane,cade.kane@duke.edu,2022,NULL,NULL
334,Nero Decker,nero.decker@duke.edu,2021,NULL,NULL
335,Hashim Bridges,hashim.bridges@duke.edu,2019,NULL,NULL
336,Laith Mcgowan,laith.mcgowan@duke.edu,2019,NULL,NULL
337,Chloe Roberson,chloe.roberson@duke.edu,2020,NULL,NULL
338,Nehru Castro,nehru.castro@duke.edu,2021,NULL,NULL
339,Zephania Brennan,zephania.brennan@duke.edu,2020,NULL,NULL
340,Reagan Mann,reagan.mann@duke.edu,2022,NULL,NULL
341,Peter Kelly,peter.kelly@duke.edu,2020,NULL,NULL
342,Hu Martinez,hu.martinez@duke.edu,2022,NULL,NULL
343,Axel Rutledge,axel.rutledge@duke.edu,2020,NULL,NULL
344,Jerome Patton,jerome.patton@duke.edu,2020,NULL,NULL
345,Uma Francis,uma.francis@duke.edu,2022,NULL,NULL
346,Fay Middleton,fay.middleton@duke.edu,2022,NULL,NULL
347,Deacon Avila,deacon.avila@duke.edu,2019,NULL,NULL
348,Allegra Mills,allegra.mills@duke.edu,2022,NULL,NULL
349,Pearl Salas,pearl.salas@duke.edu,2019,NULL,NULL
350,Desirae Frank,desirae.frank@duke.edu,2021,NULL,NULL
351,Tyler Townsend,tyler.townsend@duke.edu,2021,NULL,NULL
352,Alexander Norris,alexander.norris@duke.edu,2020,NULL,NULL
353,Jennifer Wiley,jennifer.wiley@duke.edu,2019,NULL,NULL
354,Guinevere Ware,guinevere.ware@duke.edu,2019,NULL,NULL
355,Maxwell Benson,maxwell.benson@duke.edu,2021,NULL,NULL
356,Marcia Hunt,marcia.hunt@duke.edu,2022,NULL,NULL
357,Perry Boyle,perry.boyle@duke.edu,2019,NULL,NULL
358,Graham Maldonado,graham.maldonado@duke.edu,2020,NULL,NULL
359,Oren Carson,oren.carson@duke.edu,2019,NULL,NULL
360,Amity Snider,amity.snider@duke.edu,2022,NULL,NULL
361,Madeline Mays,madeline.mays@duke.edu,2019,NULL,NULL
362,Mason Whitley,mason.whitley@duke.edu,2020,NULL,NULL
363,Ian Valencia,ian.valencia@duke.edu,2022,NULL,NULL
364,Craig Murray,craig.murray@duke.edu,2019,NULL,NULL
365,Arthur Chang,arthur.chang@duke.edu,2022,NULL,NULL
366,Neville Davis,neville.davis@duke.edu,2020,NULL,NULL
367,Katelyn Powell,katelyn.powell@duke.edu,2022,NULL,NULL
368,Nash Moss,nash.moss@duke.edu,2020,NULL,NULL
369,Natalie Tucker,natalie.tucker@duke.edu,2019,NULL,NULL
370,Gannon Galloway,gannon.galloway@duke.edu,2022,NULL,NULL
371,Amena Hester,amena.hester@duke.edu,2021,NULL,NULL
372,Ryder Bishop,ryder.bishop@duke.edu,2021,NULL,NULL
373,Miranda Charles,miranda.charles@duke.edu,2022,NULL,NULL
374,Xander Baxter,xander.baxter@duke.edu,2021,NULL,NULL
375,Hayes Bass,hayes.bass@duke.edu,2022,NULL,NULL
376,Harrison Hoffman,harrison.hoffman@duke.edu,2019,NULL,NULL
377,Gray Wall,gray.wall@duke.edu,2019,NULL,NULL
378,Jasmine Pickett,jasmine.pickett@duke.edu,2021,NULL,NULL
379,Wilma Roach,wilma.roach@duke.edu,2022,NULL,NULL
380,Omar Snow,omar.snow@duke.edu,2020,NULL,NULL
381,Hammett Dunlap,hammett.dunlap@duke.edu,2021,NULL,NULL
382,Vivian Rodriguez,vivian.rodriguez@duke.edu,2020,NULL,NULL
383,Wayne Diaz,wayne.diaz@duke.edu,2021,NULL,NULL
384,Griffin Owen,griffin.owen@duke.edu,2021,NULL,NULL
385,Clementine Salinas,clementine.salinas@duke.edu,2019,NULL,NULL
386,Lester Daniel,lester.daniel@duke.edu,2020,NULL,NULL
387,Keefe Shepard,keefe.shepard@duke.edu,2020,NULL,NULL
388,Fuller Moreno,fuller.moreno@duke.edu,2020,NULL,NULL
389,Ocean Curtis,ocean.curtis@duke.edu,2019,NULL,NULL
390,Kelly Norris,kelly.norris@duke.edu,2022,NULL,NULL
391,Meghan Parker,meghan.parker@duke.edu,2022,NULL,NULL
392,Troy Salas,troy.salas@duke.edu,2022,NULL,NULL
393,Erich Berg,erich.berg@duke.edu,2022,NULL,NULL
394,Tara Pena,tara.pena@duke.edu,2022,NULL,NULL
395,Gareth Lucas,gareth.lucas@duke.edu,2020,NULL,NULL
396,Evan Walker,evan.walker@duke.edu,2019,NULL,NULL
397,Ebony Farrell,ebony.farrell@duke.edu,2019,NULL,NULL
398,Xavier Morton,xavier.morton@duke.edu,2019,NULL,NULL
399,Zoe Carney,zoe.carney@duke.edu,2021,NULL,NULL
400,Bianca Holloway,bianca.holloway@duke.edu,2020,NULL,NULL
401,Driscoll Morgan,driscoll.morgan@duke.edu,2022,NULL,NULL
402,Sacha Rivera,sacha.rivera@duke.edu,2019,NULL,NULL
403,Willow Workman,willow.workman@duke.edu,2019,NULL,NULL
404,Bernard Daniel,bernard.daniel@duke.edu,2021,NULL,NULL
405,Oprah Velazquez,oprah.velazquez@duke.edu,2019,NULL,NULL
406,Dawn Delgado,dawn.delgado@duke.edu,2021,NULL,NULL
407,Axel Shepard,axel.shepard@duke.edu,2021,NULL,NULL
408,Catherine Barker,catherine.barker@duke.edu,2019,NULL,NULL
409,Wade Weiss,wade.weiss@duke.edu,2019,NULL,NULL
410,Heather Beard,heather.beard@duke.edu,2020,NULL,NULL
411,Hedy Reid,hedy.reid@duke.edu,2020,NULL,NULL
412,Barrett Vaughn,barrett.vaughn@duke.edu,2019,NULL,NULL
413,James Hodge,james.hodge@duke.edu,2021,NULL,NULL
414,Scarlett Oconnor,scarlett.oconnor@duke.edu,2019,NULL,NULL
415,Beverly Newman,beverly.newman@duke.edu,2021,NULL,NULL
416,Blossom Logan,blossom.logan@duke.edu,2021,NULL,NULL
417,Sean Vincent,sean.vincent@duke.edu,2020,NULL,NULL
418,Darryl Wallace,darryl.wallace@duke.edu,2020,NULL,NULL
419,George Warner,george.warner@duke.edu,2021,NULL,NULL
420,Aimee Hardy,aimee.hardy@duke.edu,2019,NULL,NULL
421,Lars Mckenzie,lars.mckenzie@duke.edu,2022,NULL,NULL
422,Lana Beck,lana.beck@duke.edu,2019,NULL,NULL
423,Germane Burnett,germane.burnett@duke.edu,2021,NULL,NULL
424,Cherokee Hurst,cherokee.hurst@duke.edu,2019,NULL,NULL
425,Diana Larson,diana.larson@duke.edu,2020,NULL,NULL
426,Jordan Mooney,jordan.mooney@duke.edu,2020,NULL,NULL
427,Macon Cooke,macon.cooke@duke.edu,2022,NULL,NULL
428,Abdul Dorsey,abdul.dorsey@duke.edu,2022,NULL,NULL
429,Rae Greer,rae.greer@duke.edu,2019,NULL,NULL
430,Kelly Steele,kelly.steele@duke.edu,2022,NULL,NULL
431,Gannon Mccall,gannon.mccall@duke.edu,2022,NULL,NULL
432,Fredericka Bartlett,fredericka.bartlett@duke.edu,2021,NULL,NULL
433,Shad Hickman,shad.hickman@duke.edu,2022,NULL,NULL
434,Orli Munoz,orli.munoz@duke.edu,2019,NULL,NULL
435,Keith Kent,keith.kent@duke.edu,2020,NULL,NULL
436,Mallory Wiggins,mallory.wiggins@duke.edu,2022,NULL,NULL
437,Yetta Simmons,yetta.simmons@duke.edu,2020,NULL,NULL
438,Dieter Carrillo,dieter.carrillo@duke.edu,2021,NULL,NULL
439,Baker Odonnell,baker.odonnell@duke.edu,2021,NULL,NULL
440,Lynn Dillon,lynn.dillon@duke.edu,2020,NULL,NULL
441,Veronica Schwartz,veronica.schwartz@duke.edu,2020,NULL,NULL
442,Sara Buckner,sara.buckner@duke.edu,2019,NULL,NULL
443,Zeus Wood,zeus.wood@duke.edu,2019,NULL,NULL
444,Deborah Burt,deborah.burt@duke.edu,2021,NULL,NULL
445,Timothy Raymond,timothy.raymond@duke.edu,2020,NULL,NULL
446,Conan Rosa,conan.rosa@duke.edu,2021,NULL,NULL
447,Amanda Wolfe,amanda.wolfe@duke.edu,2021,NULL,NULL
448,Leila Fletcher,leila.fletcher@duke.edu,2021,NULL,NULL
449,Dylan Rush,dylan.rush@duke.edu,2020,NULL,NULL
450,Ayanna Zamora,ayanna.zamora@duke.edu,2020,NULL,NULL
451,Yardley Logan,yardley.logan@duke.edu,2020,NULL,NULL
452,Patricia Wagner,patricia.wagner@duke.edu,2022,NULL,NULL
453,Gwendolyn Chaney,gwendolyn.chaney@duke.edu,2022,NULL,NULL
454,Myles Wheeler,myles.wheeler@duke.edu,2021,NULL,NULL
455,Lydia Horne,lydia.horne@duke.edu,2019,NULL,NULL
456,Arthur Hensley,arthur.hensley@duke.edu,2020,NULL,NULL
457,Brock Dawson,brock.dawson@duke.edu,2019,NULL,NULL
458,Yuli Hart,yuli.hart@duke.edu,2022,NULL,NULL
459,Alden Ortiz,alden.ortiz@duke.edu,2019,NULL,NULL
460,Gage Park,gage.park@duke.edu,2022,NULL,NULL
461,Louis Fernandez,louis.fernandez@duke.edu,2020,NULL,NULL
462,Kibo Workman,kibo.workman@duke.edu,2020,NULL,NULL
463,Oscar Alexander,oscar.alexander@duke.edu,2020,NULL,NULL
464,Marshall Mcbride,marshall.mcbride@duke.edu,2022,NULL,NULL
465,Harlan Odonnell,harlan.odonnell@duke.edu,2020,NULL,NULL
466,Neve Savage,neve.savage@duke.edu,2021,NULL,NULL
467,Rhoda Knight,rhoda.knight@duke.edu,2020,NULL,NULL
468,Heidi Riggs,heidi.riggs@duke.edu,2020,NULL,NULL
469,Amal Townsend,amal.townsend@duke.edu,2020,NULL,NULL
470,Gregory Ratliff,gregory.ratliff@duke.edu,2021,NULL,NULL
471,Ivor Joyner,ivor.joyner@duke.edu,2020,NULL,NULL
472,Ronan Burgess,ronan.burgess@duke.edu,2022,NULL,NULL
473,Edward Stephenson,edward.stephenson@duke.edu,2020,NULL,NULL
474,Deirdre Foley,deirdre.foley@duke.edu,2019,NULL,NULL
475,Cruz Gill,cruz.gill@duke.edu,2022,NULL,NULL
476,Moses Berger,moses.berger@duke.edu,2020,NULL,NULL
477,Rhea Stanley,rhea.stanley@duke.edu,2019,NULL,NULL
478,Porter Mckinney,porter.mckinney@duke.edu,2022,NULL,NULL
479,Tate Emerson,tate.emerson@duke.edu,2022,NULL,NULL
480,Reed Olson,reed.olson@duke.edu,2022,NULL,NULL
481,Teegan Rhodes,teegan.rhodes@duke.edu,2020,NULL,NULL
482,Hayfa Delacruz,hayfa.delacruz@duke.edu,2022,NULL,NULL
483,Elijah Dyer,elijah.dyer@duke.edu,2020,NULL,NULL
484,Orli Bishop,orli.bishop@duke.edu,2022,NULL,NULL
485,August Foley,august.foley@duke.edu,2019,NULL,NULL
486,Fulton Bowers,fulton.bowers@duke.edu,2021,NULL,NULL
487,Linda Herrera,linda.herrera@duke.edu,2019,NULL,NULL
488,Jarrod Stevens,jarrod.stevens@duke.edu,2021,NULL,NULL
489,Kelsie Nunez,kelsie.nunez@duke.edu,2021,NULL,NULL
490,Jane Sloan,jane.sloan@duke.edu,2021,NULL,NULL
491,Walter Rosales,walter.rosales@duke.edu,2022,NULL,NULL
492,Zephania Patrick,zephania.patrick@duke.edu,2022,NULL,NULL
493,Adrienne Craig,adrienne.craig@duke.edu,2019,NULL,NULL
494,Ali Foreman,ali.foreman@duke.edu,2022,NULL,NULL
495,Dalton Haynes,dalton.haynes@duke.edu,2019,NULL,NULL
496,Eleanor Mercer,eleanor.mercer@duke.edu,2020,NULL,NULL
497,Magee Richardson,magee.richardson@duke.edu,2019,NULL,NULL
498,Colorado Callahan,colorado.callahan@duke.edu,2020,NULL,NULL
499,Nathan Key,nathan.key@duke.edu,2019,NULL,NULL
500,Kibo Nguyen,kibo.nguyen@duke.edu,2022,NULL,NULL
501,Phillip Sanders,phillip.sanders@duke.edu,2022,NULL,NULL
502,Evelyn Kirby,evelyn.kirby@duke.edu,2020,NULL,NULL
503,Elizabeth Mathis,elizabeth.mathis@duke.edu,2022,NULL,NULL
504,Xanthus Whitfield,xanthus.whitfield@duke.edu,2019,NULL,NULL
505,Carly Stewart,carly.stewart@duke.edu,2019,NULL,NULL
506,Colette Pugh,colette.pugh@duke.edu,2021,NULL,NULL
507,Zachery Rich,zachery.rich@duke.edu,2019,NULL,NULL
508,Lois Blackwell,lois.blackwell@duke.edu,2019,NULL,NULL
509,Skyler Montoya,skyler.montoya@duke.edu,2022,NULL,NULL
510,Arden Owen,arden.owen@duke.edu,2020,NULL,NULL
511,Judah Hicks,judah.hicks@duke.edu,2020,NULL,NULL
512,Sage Hewitt,sage.hewitt@duke.edu,2021,NULL,NULL
513,Connor Goodwin,connor.goodwin@duke.edu,2022,NULL,NULL
514,Caesar Solis,caesar.solis@duke.edu,2020,NULL,NULL
515,Denton English,denton.english@duke.edu,2019,NULL,NULL
516,Melvin Blevins,melvin.blevins@duke.edu,2019,NULL,NULL
517,Bruno Mathews,bruno.mathews@duke.edu,2020,NULL,NULL
518,Plato Webster,plato.webster@duke.edu,2021,NULL,NULL
519,Maite Blake,maite.blake@duke.edu,2022,NULL,NULL
520,Meredith Pugh,meredith.pugh@duke.edu,2019,NULL,NULL
521,Rhea May,rhea.may@duke.edu,2019,NULL,NULL
522,Hasad Merrill,hasad.merrill@duke.edu,2022,NULL,NULL
523,Daniel Salinas,daniel.salinas@duke.edu,2022,NULL,NULL
524,Honorato Hunter,honorato.hunter@duke.edu,2019,NULL,NULL
525,Kyra Galloway,kyra.galloway@duke.edu,2022,NULL,NULL
526,Azalia Christian,azalia.christian@duke.edu,2022,NULL,NULL
527,Yardley Ingram,yardley.ingram@duke.edu,2020,NULL,NULL
528,Xantha Tran,xantha.tran@duke.edu,2021,NULL,NULL
529,Brianna Mcneil,brianna.mcneil@duke.edu,2021,NULL,NULL
530,MacKenzie Morris,mackenzie.morris@duke.edu,2020,NULL,NULL
531,Aquila Hale,aquila.hale@duke.edu,2020,NULL,NULL
532,Geoffrey Dickerson,geoffrey.dickerson@duke.edu,2019,NULL,NULL
533,Katell Burnett,katell.burnett@duke.edu,2020,NULL,NULL
534,Dale Sanders,dale.sanders@duke.edu,2022,NULL,NULL
535,Briar Rush,briar.rush@duke.edu,2020,NULL,NULL
536,Patrick Mercado,patrick.mercado@duke.edu,2022,NULL,NULL
537,Ferris Noble,ferris.noble@duke.edu,2021,NULL,NULL
538,Kendall Cameron,kendall.cameron@duke.edu,2022,NULL,NULL
539,Myles Estrada,myles.estrada@duke.edu,2022,NULL,NULL
540,Ashely Shelton,ashely.shelton@duke.edu,2020,NULL,NULL
541,Cole Browning,cole.browning@duke.edu,2022,NULL,NULL
542,Dylan Wells,dylan.wells@duke.edu,2020,NULL,NULL
543,Inez Nolan,inez.nolan@duke.edu,2021,NULL,NULL
544,Brady Petersen,brady.petersen@duke.edu,2020,NULL,NULL
545,Fritz Knight,fritz.knight@duke.edu,2022,NULL,NULL
546,Ora Hinton,ora.hinton@duke.edu,2019,NULL,NULL
547,Octavius Ramirez,octavius.ramirez@duke.edu,2021,NULL,NULL
548,Jael Hutchinson,jael.hutchinson@duke.edu,2020,NULL,NULL
549,Amos Mayo,amos.mayo@duke.edu,2020,NULL,NULL
550,Paki Cobb,paki.cobb@duke.edu,2021,NULL,NULL
551,Noelani Frye,noelani.frye@duke.edu,2020,NULL,NULL
552,Melvin Mcguire,melvin.mcguire@duke.edu,2020,NULL,NULL
553,Ishmael Hudson,ishmael.hudson@duke.edu,2021,NULL,NULL
554,Neville Dotson,neville.dotson@duke.edu,2019,NULL,NULL
555,Gretchen Rowe,gretchen.rowe@duke.edu,2021,NULL,NULL
556,Chelsea Church,chelsea.church@duke.edu,2022,NULL,NULL
557,Aline Kennedy,aline.kennedy@duke.edu,2022,NULL,NULL
558,Dieter Lowe,dieter.lowe@duke.edu,2020,NULL,NULL
559,Graiden Noble,graiden.noble@duke.edu,2022,NULL,NULL
560,Unity Brennan,unity.brennan@duke.edu,2021,NULL,NULL
561,Tyrone Sparks,tyrone.sparks@duke.edu,2020,NULL,NULL
562,Kyle Merrill,kyle.merrill@duke.edu,2020,NULL,NULL
563,Kay Barry,kay.barry@duke.edu,2021,NULL,NULL
564,Sonya Mcconnell,sonya.mcconnell@duke.edu,2019,NULL,NULL
565,Joseph Cote,joseph.cote@duke.edu,2019,NULL,NULL
566,Burke Figueroa,burke.figueroa@duke.edu,2021,NULL,NULL
567,Kessie Franks,kessie.franks@duke.edu,2021,NULL,NULL
568,Tucker Parsons,tucker.parsons@duke.edu,2022,NULL,NULL
569,Irma Lloyd,irma.lloyd@duke.edu,2020,NULL,NULL
570,Helen Mccarthy,helen.mccarthy@duke.edu,2019,NULL,NULL
571,Allegra Logan,allegra.logan@duke.edu,2020,NULL,NULL
572,Byron Wagner,byron.wagner@duke.edu,2020,NULL,NULL
573,Daquan Abbott,daquan.abbott@duke.edu,2021,NULL,NULL
574,Heidi Reilly,heidi.reilly@duke.edu,2021,NULL,NULL
575,Rina Pruitt,rina.pruitt@duke.edu,2019,NULL,NULL
576,Clayton Mack,clayton.mack@duke.edu,2019,NULL,NULL
577,Adrienne Goodwin,adrienne.goodwin@duke.edu,2019,NULL,NULL
578,Dexter Dunn,dexter.dunn@duke.edu,2020,NULL,NULL
579,Neville Cohen,neville.cohen@duke.edu,2022,NULL,NULL
580,Hamish Malone,hamish.malone@duke.edu,2020,NULL,NULL
581,Marshall Pierce,marshall.pierce@duke.edu,2019,NULL,NULL
582,Kessie Gentry,kessie.gentry@duke.edu,2021,NULL,NULL
583,Penelope Pratt,penelope.pratt@duke.edu,2021,NULL,NULL
584,Wanda Kelly,wanda.kelly@duke.edu,2021,NULL,NULL
585,Courtney Chang,courtney.chang@duke.edu,2020,NULL,NULL
586,Cheyenne Molina,cheyenne.molina@duke.edu,2020,NULL,NULL
587,Priscilla Frost,priscilla.frost@duke.edu,2021,NULL,NULL
588,Noble Chaney,noble.chaney@duke.edu,2022,NULL,NULL
589,William Stokes,william.stokes@duke.edu,2019,NULL,NULL
590,Leandra Hardin,leandra.hardin@duke.edu,2021,NULL,NULL
591,Sybil Clark,sybil.clark@duke.edu,2020,NULL,NULL
592,Vincent Bentley,vincent.bentley@duke.edu,2022,NULL,NULL
593,Quon Steele,quon.steele@duke.edu,2019,NULL,NULL
594,Madeson Davidson,madeson.davidson@duke.edu,2022,NULL,NULL
595,Raymond Becker,raymond.becker@duke.edu,2020,NULL,NULL
596,Jenette Elliott,jenette.elliott@duke.edu,2019,NULL,NULL
597,Quon Dickerson,quon.dickerson@duke.edu,2022,NULL,NULL
598,Alea Benson,alea.benson@duke.edu,2019,NULL,NULL
599,Fleur Hammond,fleur.hammond@duke.edu,2019,NULL,NULL
600,Regina Greer,regina.greer@duke.edu,2019,NULL,NULL
601,Jonah Prince,jonah.prince@duke.edu,2022,NULL,NULL
602,Stephen Flores,stephen.flores@duke.edu,2021,NULL,NULL
603,Jamalia Dickerson,jamalia.dickerson@duke.edu,2022,NULL,NULL
604,Aretha Goodman,aretha.goodman@duke.edu,2022,NULL,NULL
605,Deborah Booth,deborah.booth@duke.edu,2019,NULL,NULL
606,Demetrius Cohen,demetrius.cohen@duke.edu,2020,NULL,NULL
607,Breanna Hood,breanna.hood@duke.edu,2021,NULL,NULL
608,Byron Browning,byron.browning@duke.edu,2019,NULL,NULL
609,Delilah Contreras,delilah.contreras@duke.edu,2021,NULL,NULL
610,Gary Irwin,gary.irwin@duke.edu,2022,NULL,NULL
611,Dylan Pratt,dylan.pratt@duke.edu,2019,NULL,NULL
612,Sage Guy,sage.guy@duke.edu,2019,NULL,NULL
613,Sawyer Vazquez,sawyer.vazquez@duke.edu,2020,NULL,NULL
614,Fleur Fischer,fleur.fischer@duke.edu,2019,NULL,NULL
615,Kaitlin Ramsey,kaitlin.ramsey@duke.edu,2021,NULL,NULL
616,Bo Hale,bo.hale@duke.edu,2021,NULL,NULL
617,Christen Mcknight,christen.mcknight@duke.edu,2022,NULL,NULL
618,Emery Noel,emery.noel@duke.edu,2022,NULL,NULL
619,Clare Petty,clare.petty@duke.edu,2019,NULL,NULL
620,Paloma Cleveland,paloma.cleveland@duke.edu,2020,NULL,NULL
621,Noelle Alvarez,noelle.alvarez@duke.edu,2019,NULL,NULL
622,Jade Dominguez,jade.dominguez@duke.edu,2020,NULL,NULL
623,Simon Small,simon.small@duke.edu,2021,NULL,NULL
624,Quentin Meyers,quentin.meyers@duke.edu,2019,NULL,NULL
625,Hadassah Day,hadassah.day@duke.edu,2021,NULL,NULL
626,Charity Nunez,charity.nunez@duke.edu,2019,NULL,NULL
627,Lev Suarez,lev.suarez@duke.edu,2019,NULL,NULL
628,Sage Watts,sage.watts@duke.edu,2022,NULL,NULL
629,Shana Savage,shana.savage@duke.edu,2022,NULL,NULL
630,Thaddeus Wright,thaddeus.wright@duke.edu,2019,NULL,NULL
631,Baker Lara,baker.lara@duke.edu,2021,NULL,NULL
632,Amela Weeks,amela.weeks@duke.edu,2022,NULL,NULL
633,Brynne Dudley,brynne.dudley@duke.edu,2020,NULL,NULL
634,Blaze Larsen,blaze.larsen@duke.edu,2019,NULL,NULL
635,Ciaran Melton,ciaran.melton@duke.edu,2020,NULL,NULL
636,Carla Carlson,carla.carlson@duke.edu,2020,NULL,NULL
637,Kelly Wallace,kelly.wallace@duke.edu,2020,NULL,NULL
638,Brent Puckett,brent.puckett@duke.edu,2019,NULL,NULL
639,Aspen Powers,aspen.powers@duke.edu,2021,NULL,NULL
640,Castor Clarke,castor.clarke@duke.edu,2019,NULL,NULL
641,Yoko Murray,yoko.murray@duke.edu,2020,NULL,NULL
642,Dane Whitfield,dane.whitfield@duke.edu,2022,NULL,NULL
643,Solomon Conway,solomon.conway@duke.edu,2022,NULL,NULL
644,Graham Humphrey,graham.humphrey@duke.edu,2019,NULL,NULL
645,Preston Bennett,preston.bennett@duke.edu,2019,NULL,NULL
646,Noel Reid,noel.reid@duke.edu,2020,NULL,NULL
647,Isaiah Carter,isaiah.carter@duke.edu,2022,NULL,NULL
648,Colleen Stewart,colleen.stewart@duke.edu,2022,NULL,NULL
649,Erich Rodriquez,erich.rodriquez@duke.edu,2021,NULL,NULL
650,Todd Fisher,todd.fisher@duke.edu,2020,NULL,NULL
651,Camden Rasmussen,camden.rasmussen@duke.edu,2020,NULL,NULL
652,Mark Daugherty,mark.daugherty@duke.edu,2021,NULL,NULL
653,Yeo Neal,yeo.neal@duke.edu,2022,NULL,NULL
654,Raymond Boone,raymond.boone@duke.edu,2019,NULL,NULL
655,Ivana Cameron,ivana.cameron@duke.edu,2019,NULL,NULL
656,Kane Dudley,kane.dudley@duke.edu,2020,NULL,NULL
657,Kaitlin Hyde,kaitlin.hyde@duke.edu,2019,NULL,NULL
658,Zane Moody,zane.moody@duke.edu,2022,NULL,NULL
659,Kenneth Roman,kenneth.roman@duke.edu,2020,NULL,NULL
660,Kasimir Gardner,kasimir.gardner@duke.edu,2022,NULL,NULL
661,Chaney Pearson,chaney.pearson@duke.edu,2020,NULL,NULL
662,Kareem Holloway,kareem.holloway@duke.edu,2021,NULL,NULL
663,Samson Terrell,samson.terrell@duke.edu,2020,NULL,NULL
664,Amal Lynch,amal.lynch@duke.edu,2020,NULL,NULL
665,Paul Savage,paul.savage@duke.edu,2020,NULL,NULL
666,Penelope Bright,penelope.bright@duke.edu,2021,NULL,NULL
667,Slade Lynch,slade.lynch@duke.edu,2020,NULL,NULL
668,Keegan Fletcher,keegan.fletcher@duke.edu,2019,NULL,NULL
669,Desirae Solomon,desirae.solomon@duke.edu,2019,NULL,NULL
670,Jenna Travis,jenna.travis@duke.edu,2019,NULL,NULL
671,Galvin Randolph,galvin.randolph@duke.edu,2019,NULL,NULL
672,Katell Newton,katell.newton@duke.edu,2020,NULL,NULL
673,Cruz Lawson,cruz.lawson@duke.edu,2020,NULL,NULL
674,Jacob Myers,jacob.myers@duke.edu,2019,NULL,NULL
675,Beau Morris,beau.morris@duke.edu,2019,NULL,NULL
676,Lacey White,lacey.white@duke.edu,2022,NULL,NULL
677,Fuller Stephens,fuller.stephens@duke.edu,2019,NULL,NULL
678,Elliott Santos,elliott.santos@duke.edu,2022,NULL,NULL
679,Nash Gray,nash.gray@duke.edu,2020,NULL,NULL
680,Abraham Vaughn,abraham.vaughn@duke.edu,2020,NULL,NULL
681,Upton Church,upton.church@duke.edu,2020,NULL,NULL
682,Omar Bates,omar.bates@duke.edu,2021,NULL,NULL
683,Zenaida Goodman,zenaida.goodman@duke.edu,2020,NULL,NULL
684,Chaim Bowen,chaim.bowen@duke.edu,2019,NULL,NULL
685,Cora Schwartz,cora.schwartz@duke.edu,2020,NULL,NULL
686,Nero Reese,nero.reese@duke.edu,2019,NULL,NULL
687,Thaddeus Pollard,thaddeus.pollard@duke.edu,2020,NULL,NULL
688,Catherine Johnston,catherine.johnston@duke.edu,2020,NULL,NULL
689,Camille Compton,camille.compton@duke.edu,2019,NULL,NULL
690,Jacob Ryan,jacob.ryan@duke.edu,2021,NULL,NULL
691,Kirestin Heath,kirestin.heath@duke.edu,2019,NULL,NULL
692,Clare Caldwell,clare.caldwell@duke.edu,2019,NULL,NULL
693,Talon Summers,talon.summers@duke.edu,2022,NULL,NULL
694,Preston Vance,preston.vance@duke.edu,2019,NULL,NULL
695,Conan Forbes,conan.forbes@duke.edu,2021,NULL,NULL
696,Robin Peterson,robin.peterson@duke.edu,2021,NULL,NULL
697,Randall Reynolds,randall.reynolds@duke.edu,2019,NULL,NULL
698,Zenia Chan,zenia.chan@duke.edu,2022,NULL,NULL
699,MacKenzie Gates,mackenzie.gates@duke.edu,2022,NULL,NULL
700,Reagan Moody,reagan.moody@duke.edu,2020,NULL,NULL
701,Colette Saunders,colette.saunders@duke.edu,2022,NULL,NULL
702,Laurel Mckay,laurel.mckay@duke.edu,2019,NULL,NULL
703,Donovan Guzman,donovan.guzman@duke.edu,2020,NULL,NULL
704,Darrel Dale,darrel.dale@duke.edu,2019,NULL,NULL
705,Buckminster Rogers,buckminster.rogers@duke.edu,2022,NULL,NULL
706,Tad Roach,tad.roach@duke.edu,2020,NULL,NULL
707,Kuame Herring,kuame.herring@duke.edu,2021,NULL,NULL
708,Baxter Wilkerson,baxter.wilkerson@duke.edu,2019,NULL,NULL
709,Laurel Brewer,laurel.brewer@duke.edu,2019,NULL,NULL
710,Lance Serrano,lance.serrano@duke.edu,2021,NULL,NULL
711,Teegan Jefferson,teegan.jefferson@duke.edu,2019,NULL,NULL
712,Leo Santana,leo.santana@duke.edu,2020,NULL,NULL
713,Barrett Brewer,barrett.brewer@duke.edu,2020,NULL,NULL
714,Brian Gardner,brian.gardner@duke.edu,2020,NULL,NULL
715,Ivory Payne,ivory.payne@duke.edu,2022,NULL,NULL
716,Baxter Simon,baxter.simon@duke.edu,2019,NULL,NULL
717,Talon Hinton,talon.hinton@duke.edu,2021,NULL,NULL
718,Ayanna Crane,ayanna.crane@duke.edu,2021,NULL,NULL
719,Lamar Kidd,lamar.kidd@duke.edu,2022,NULL,NULL
720,Kaden Armstrong,kaden.armstrong@duke.edu,2022,NULL,NULL
721,Macaulay Webb,macaulay.webb@duke.edu,2019,NULL,NULL
722,Demetrius Ellison,demetrius.ellison@duke.edu,2019,NULL,NULL
723,Declan Perkins,declan.perkins@duke.edu,2020,NULL,NULL
724,Walter Grimes,walter.grimes@duke.edu,2022,NULL,NULL
725,Patrick Saunders,patrick.saunders@duke.edu,2020,NULL,NULL
726,Phyllis Bowers,phyllis.bowers@duke.edu,2019,NULL,NULL
727,Karleigh Grant,karleigh.grant@duke.edu,2019,NULL,NULL
728,Hunter Rodriquez,hunter.rodriquez@duke.edu,2021,NULL,NULL
729,Larissa Harmon,larissa.harmon@duke.edu,2022,NULL,NULL
730,Lee Molina,lee.molina@duke.edu,2022,NULL,NULL
731,Adara Sears,adara.sears@duke.edu,2019,NULL,NULL
732,Harrison Kemp,harrison.kemp@duke.edu,2022,NULL,NULL
733,Zachery Dotson,zachery.dotson@duke.edu,2021,NULL,NULL
734,Shelly Welch,shelly.welch@duke.edu,2021,NULL,NULL
735,Plato Gray,plato.gray@duke.edu,2022,NULL,NULL
736,Lev Mcneil,lev.mcneil@duke.edu,2020,NULL,NULL
737,Jolene Merritt,jolene.merritt@duke.edu,2020,NULL,NULL
738,Christopher Gallagher,christopher.gallagher@duke.edu,2021,NULL,NULL
739,Iliana Lee,iliana.lee@duke.edu,2022,NULL,NULL
740,Ciara Vaughan,ciara.vaughan@duke.edu,2019,NULL,NULL
741,Keane Noble,keane.noble@duke.edu,2020,NULL,NULL
742,Mira Pacheco,mira.pacheco@duke.edu,2022,NULL,NULL
743,Janna Henderson,janna.henderson@duke.edu,2019,NULL,NULL
744,Carlos Cleveland,carlos.cleveland@duke.edu,2022,NULL,NULL
745,Illiana Kim,illiana.kim@duke.edu,2021,NULL,NULL
746,Catherine Witt,catherine.witt@duke.edu,2021,NULL,NULL
747,Kirsten Bennett,kirsten.bennett@duke.edu,2021,NULL,NULL
748,Aidan Hubbard,aidan.hubbard@duke.edu,2020,NULL,NULL
749,Xena Wolf,xena.wolf@duke.edu,2019,NULL,NULL
750,Barclay Pickett,barclay.pickett@duke.edu,2022,NULL,NULL
751,Shaine Irwin,shaine.irwin@duke.edu,2021,NULL,NULL
752,Maia Brady,maia.brady@duke.edu,2022,NULL,NULL
753,Keegan Knox,keegan.knox@duke.edu,2021,NULL,NULL
754,Evangeline Dudley,evangeline.dudley@duke.edu,2021,NULL,NULL
755,Jemima Skinner,jemima.skinner@duke.edu,2021,NULL,NULL
756,Bree Cote,bree.cote@duke.edu,2019,NULL,NULL
757,Hu Medina,hu.medina@duke.edu,2022,NULL,NULL
758,Maya Gentry,maya.gentry@duke.edu,2022,NULL,NULL
759,Tyler Powers,tyler.powers@duke.edu,2021,NULL,NULL
760,Adam Blackburn,adam.blackburn@duke.edu,2022,NULL,NULL
761,Curran Ramirez,curran.ramirez@duke.edu,2022,NULL,NULL
762,Renee Gentry,renee.gentry@duke.edu,2022,NULL,NULL
763,Daquan Bishop,daquan.bishop@duke.edu,2022,NULL,NULL
764,Vladimir Montgomery,vladimir.montgomery@duke.edu,2022,NULL,NULL
765,Karyn Gould,karyn.gould@duke.edu,2020,NULL,NULL
766,Sara Richardson,sara.richardson@duke.edu,2019,NULL,NULL
767,Mohammad Buckner,mohammad.buckner@duke.edu,2022,NULL,NULL
768,Farrah Lyons,farrah.lyons@duke.edu,2022,NULL,NULL
769,Eliana Palmer,eliana.palmer@duke.edu,2021,NULL,NULL
770,Kiayada Mercado,kiayada.mercado@duke.edu,2022,NULL,NULL
771,Arden Clements,arden.clements@duke.edu,2021,NULL,NULL
772,Eliana Patrick,eliana.patrick@duke.edu,2021,NULL,NULL
773,Asher Rodgers,asher.rodgers@duke.edu,2019,NULL,NULL
774,Cassandra Johnson,cassandra.johnson@duke.edu,2020,NULL,NULL
775,Mechelle Mejia,mechelle.mejia@duke.edu,2022,NULL,NULL
776,Lynn Poole,lynn.poole@duke.edu,2021,NULL,NULL
777,Geoffrey Salazar,geoffrey.salazar@duke.edu,2021,NULL,NULL
778,Penelope Mclaughlin,penelope.mclaughlin@duke.edu,2020,NULL,NULL
779,Sebastian Moore,sebastian.moore@duke.edu,2022,NULL,NULL
780,Zelda Alvarez,zelda.alvarez@duke.edu,2022,NULL,NULL
781,Zelenia Holloway,zelenia.holloway@duke.edu,2019,NULL,NULL
782,Scarlet Porter,scarlet.porter@duke.edu,2022,NULL,NULL
783,Xaviera Alexander,xaviera.alexander@duke.edu,2021,NULL,NULL
784,Grant Benjamin,grant.benjamin@duke.edu,2022,NULL,NULL
785,Akeem Olson,akeem.olson@duke.edu,2019,NULL,NULL
786,Noelle Vance,noelle.vance@duke.edu,2022,NULL,NULL
787,Rashad Prince,rashad.prince@duke.edu,2021,NULL,NULL
788,Morgan Paul,morgan.paul@duke.edu,2021,NULL,NULL
789,Idola Perkins,idola.perkins@duke.edu,2019,NULL,NULL
790,Kirestin Dennis,kirestin.dennis@duke.edu,2020,NULL,NULL
791,Oliver Howard,oliver.howard@duke.edu,2021,NULL,NULL
792,Iliana Ramsey,iliana.ramsey@duke.edu,2020,NULL,NULL
793,Herrod Gregory,herrod.gregory@duke.edu,2021,NULL,NULL
794,Howard Bond,howard.bond@duke.edu,2019,NULL,NULL
795,Alan Whitaker,alan.whitaker@duke.edu,2021,NULL,NULL
796,Jelani Stuart,jelani.stuart@duke.edu,2020,NULL,NULL
797,Hanae Horton,hanae.horton@duke.edu,2020,NULL,NULL
798,Clinton Gillespie,clinton.gillespie@duke.edu,2021,NULL,NULL
799,Chase Barlow,chase.barlow@duke.edu,2020,NULL,NULL
800,Carlos Jacobs,carlos.jacobs@duke.edu,2019,NULL,NULL
801,Cain Bates,cain.bates@duke.edu,2021,NULL,NULL
802,Ramona Fry,ramona.fry@duke.edu,2021,NULL,NULL
803,Miriam Fulton,miriam.fulton@duke.edu,2020,NULL,NULL
804,Brittany Hull,brittany.hull@duke.edu,2020,NULL,NULL
805,Raphael Soto,raphael.soto@duke.edu,2021,NULL,NULL
806,Thor Kane,thor.kane@duke.edu,2020,NULL,NULL
807,Chantale Maxwell,chantale.maxwell@duke.edu,2021,NULL,NULL
808,Lila Hoffman,lila.hoffman@duke.edu,2019,NULL,NULL
809,Keelie Mcbride,keelie.mcbride@duke.edu,2021,NULL,NULL
810,Carl Hartman,carl.hartman@duke.edu,2020,NULL,NULL
811,Vielka Klein,vielka.klein@duke.edu,2020,NULL,NULL
812,Rudyard Fry,rudyard.fry@duke.edu,2019,NULL,NULL
813,Charlotte Parrish,charlotte.parrish@duke.edu,2019,NULL,NULL
814,Marvin Clay,marvin.clay@duke.edu,2020,NULL,NULL
815,Elijah Kaufman,elijah.kaufman@duke.edu,2021,NULL,NULL
816,Odette Higgins,odette.higgins@duke.edu,2020,NULL,NULL
817,Ainsley Serrano,ainsley.serrano@duke.edu,2022,NULL,NULL
818,Connor Larson,connor.larson@duke.edu,2021,NULL,NULL
819,Basil Lowe,basil.lowe@duke.edu,2019,NULL,NULL
820,Amy Henry,amy.henry@duke.edu,2019,NULL,NULL
821,Cassidy Tillman,cassidy.tillman@duke.edu,2022,NULL,NULL
822,Rosalyn Walsh,rosalyn.walsh@duke.edu,2022,NULL,NULL
823,Clinton Adams,clinton.adams@duke.edu,2022,NULL,NULL
824,Maxwell Pickett,maxwell.pickett@duke.edu,2022,NULL,NULL
825,Berk House,berk.house@duke.edu,2022,NULL,NULL
826,Erin Ortega,erin.ortega@duke.edu,2020,NULL,NULL
827,Kato Santos,kato.santos@duke.edu,2020,NULL,NULL
828,Alden Beck,alden.beck@duke.edu,2020,NULL,NULL
829,September Hodge,september.hodge@duke.edu,2021,NULL,NULL
830,Tatiana Mcintyre,tatiana.mcintyre@duke.edu,2022,NULL,NULL
831,Blaze Combs,blaze.combs@duke.edu,2022,NULL,NULL
832,Martena Tucker,martena.tucker@duke.edu,2020,NULL,NULL
833,Porter Estes,porter.estes@duke.edu,2022,NULL,NULL
834,Francis Wade,francis.wade@duke.edu,2020,NULL,NULL
835,Ryder Livingston,ryder.livingston@duke.edu,2022,NULL,NULL
836,Keefe Coffey,keefe.coffey@duke.edu,2020,NULL,NULL
837,Montana Mann,montana.mann@duke.edu,2021,NULL,NULL
838,Jemima Conway,jemima.conway@duke.edu,2022,NULL,NULL
839,Chancellor Whitfield,chancellor.whitfield@duke.edu,2020,NULL,NULL
840,Zia Ewing,zia.ewing@duke.edu,2022,NULL,NULL
841,Thor Adams,thor.adams@duke.edu,2022,NULL,NULL
842,Garrett Sweeney,garrett.sweeney@duke.edu,2022,NULL,NULL
843,Yoshio Madden,yoshio.madden@duke.edu,2021,NULL,NULL
844,Chancellor Camacho,chancellor.camacho@duke.edu,2022,NULL,NULL
845,Wing Donaldson,wing.donaldson@duke.edu,2021,NULL,NULL
846,Hedwig Lucas,hedwig.lucas@duke.edu,2022,NULL,NULL
847,Tana Booker,tana.booker@duke.edu,2020,NULL,NULL
848,Frances Mack,frances.mack@duke.edu,2019,NULL,NULL
849,Farrah Fuentes,farrah.fuentes@duke.edu,2019,NULL,NULL
850,Castor Ross,castor.ross@duke.edu,2021,NULL,NULL
851,Katell Moss,katell.moss@duke.edu,2022,NULL,NULL
852,Harriet Gillespie,harriet.gillespie@duke.edu,2019,NULL,NULL
853,Sebastian Lucas,sebastian.lucas@duke.edu,2019,NULL,NULL
854,Hadley Harrison,hadley.harrison@duke.edu,2019,NULL,NULL
855,Jin Schultz,jin.schultz@duke.edu,2020,NULL,NULL
856,Hoyt Shaffer,hoyt.shaffer@duke.edu,2019,NULL,NULL
857,Kasimir Farley,kasimir.farley@duke.edu,2021,NULL,NULL
858,Macaulay Dominguez,macaulay.dominguez@duke.edu,2021,NULL,NULL
859,Scarlet Christian,scarlet.christian@duke.edu,2021,NULL,NULL
860,Iona Contreras,iona.contreras@duke.edu,2021,NULL,NULL
861,Lacy Guzman,lacy.guzman@duke.edu,2020,NULL,NULL
862,Marshall Sharpe,marshall.sharpe@duke.edu,2021,NULL,NULL
863,Hall Mullins,hall.mullins@duke.edu,2021,NULL,NULL
864,Jelani English,jelani.english@duke.edu,2019,NULL,NULL
865,Roth Gallegos,roth.gallegos@duke.edu,2019,NULL,NULL
866,Keefe Bonner,keefe.bonner@duke.edu,2019,NULL,NULL
867,Yoshi Ballard,yoshi.ballard@duke.edu,2021,NULL,NULL
868,Quentin Roy,quentin.roy@duke.edu,2022,NULL,NULL
869,Penelope Owen,penelope.owen@duke.edu,2019,NULL,NULL
870,Gareth Conley,gareth.conley@duke.edu,2021,NULL,NULL
871,Aretha Cote,aretha.cote@duke.edu,2020,NULL,NULL
872,Orlando Bruce,orlando.bruce@duke.edu,2021,NULL,NULL
873,Gail Terry,gail.terry@duke.edu,2019,NULL,NULL
874,Briar Berger,briar.berger@duke.edu,2020,NULL,NULL
875,Xantha Malone,xantha.malone@duke.edu,2022,NULL,NULL
876,Hayfa Ryan,hayfa.ryan@duke.edu,2021,NULL,NULL
877,Whoopi Cunningham,whoopi.cunningham@duke.edu,2021,NULL,NULL
878,Kennan Conner,kennan.conner@duke.edu,2020,NULL,NULL
879,Sierra Mccormick,sierra.mccormick@duke.edu,2022,NULL,NULL
880,Ulysses Guy,ulysses.guy@duke.edu,2019,NULL,NULL
881,Emma Porter,emma.porter@duke.edu,2022,NULL,NULL
882,Serina Jimenez,serina.jimenez@duke.edu,2020,NULL,NULL
883,Maggy Ramos,maggy.ramos@duke.edu,2019,NULL,NULL
884,Samson West,samson.west@duke.edu,2019,NULL,NULL
885,Ignatius Pennington,ignatius.pennington@duke.edu,2022,NULL,NULL
886,Fletcher Coleman,fletcher.coleman@duke.edu,2022,NULL,NULL
887,Andrew Benson,andrew.benson@duke.edu,2021,NULL,NULL
888,Cadman Hurley,cadman.hurley@duke.edu,2020,NULL,NULL
889,Bree Duffy,bree.duffy@duke.edu,2020,NULL,NULL
890,Aidan Morton,aidan.morton@duke.edu,2019,NULL,NULL
891,Ainsley Bentley,ainsley.bentley@duke.edu,2021,NULL,NULL
892,William Hawkins,william.hawkins@duke.edu,2021,NULL,NULL
893,Penelope Hahn,penelope.hahn@duke.edu,2021,NULL,NULL
894,Tallulah Hyde,tallulah.hyde@duke.edu,2022,NULL,NULL
895,Gwendolyn Golden,gwendolyn.golden@duke.edu,2022,NULL,NULL
896,Pearl Hawkins,pearl.hawkins@duke.edu,2021,NULL,NULL
897,Tobias Arnold,tobias.arnold@duke.edu,2020,NULL,NULL
898,Venus Schwartz,venus.schwartz@duke.edu,2019,NULL,NULL
899,Kyra Robles,kyra.robles@duke.edu,2021,NULL,NULL
900,Amery Sullivan,amery.sullivan@duke.edu,2019,NULL,NULL
901,Norman Decker,norman.decker@duke.edu,2020,NULL,NULL
902,Chloe Alford,chloe.alford@duke.edu,2019,NULL,NULL
903,Walker Lyons,walker.lyons@duke.edu,2021,NULL,NULL
904,Reese Stephens,reese.stephens@duke.edu,2021,NULL,NULL
905,Gil Moses,gil.moses@duke.edu,2020,NULL,NULL
906,Indigo Horne,indigo.horne@duke.edu,2020,NULL,NULL
907,Merritt Berg,merritt.berg@duke.edu,2019,NULL,NULL
908,Ethan Brennan,ethan.brennan@duke.edu,2022,NULL,NULL
909,Lydia Barr,lydia.barr@duke.edu,2019,NULL,NULL
910,Sophia Weeks,sophia.weeks@duke.edu,2022,NULL,NULL
911,Victor Moss,victor.moss@duke.edu,2022,NULL,NULL
912,Blaze Knight,blaze.knight@duke.edu,2020,NULL,NULL
913,Colin Roach,colin.roach@duke.edu,2019,NULL,NULL
914,Ira Mason,ira.mason@duke.edu,2020,NULL,NULL
915,Quincy Rodriquez,quincy.rodriquez@duke.edu,2021,NULL,NULL
916,Genevieve Hart,genevieve.hart@duke.edu,2020,NULL,NULL
917,Kylynn Mccoy,kylynn.mccoy@duke.edu,2020,NULL,NULL
918,Knox Hopkins,knox.hopkins@duke.edu,2019,NULL,NULL
919,Arthur Monroe,arthur.monroe@duke.edu,2021,NULL,NULL
920,Carlos Atkinson,carlos.atkinson@duke.edu,2022,NULL,NULL
921,Armando Weiss,armando.weiss@duke.edu,2021,NULL,NULL
922,Tatyana Blankenship,tatyana.blankenship@duke.edu,2021,NULL,NULL
923,Kessie Kinney,kessie.kinney@duke.edu,2020,NULL,NULL
924,Fitzgerald Whitney,fitzgerald.whitney@duke.edu,2019,NULL,NULL
925,Baxter Myers,baxter.myers@duke.edu,2019,NULL,NULL
926,Yardley Buckner,yardley.buckner@duke.edu,2021,NULL,NULL
927,Dakota Ingram,dakota.ingram@duke.edu,2019,NULL,NULL
928,Zena Guerra,zena.guerra@duke.edu,2019,NULL,NULL
929,Jade Benjamin,jade.benjamin@duke.edu,2019,NULL,NULL
930,Melanie Ray,melanie.ray@duke.edu,2020,NULL,NULL
931,Dean Hull,dean.hull@duke.edu,2020,NULL,NULL
932,Robin Holt,robin.holt@duke.edu,2021,NULL,NULL
933,Steel Weaver,steel.weaver@duke.edu,2020,NULL,NULL
934,Sydney Pierce,sydney.pierce@duke.edu,2022,NULL,NULL
935,Chancellor Knox,chancellor.knox@duke.edu,2021,NULL,NULL
936,Harlan Stuart,harlan.stuart@duke.edu,2021,NULL,NULL
937,Cameran Shaw,cameran.shaw@duke.edu,2022,NULL,NULL
938,Ebony Weeks,ebony.weeks@duke.edu,2022,NULL,NULL
939,Yasir Gomez,yasir.gomez@duke.edu,2021,NULL,NULL
940,Rudyard Vance,rudyard.vance@duke.edu,2021,NULL,NULL
941,Dillon Pope,dillon.pope@duke.edu,2021,NULL,NULL
942,Sylvia Obrien,sylvia.obrien@duke.edu,2020,NULL,NULL
943,Mohammad Parker,mohammad.parker@duke.edu,2021,NULL,NULL
944,Dylan Fitzpatrick,dylan.fitzpatrick@duke.edu,2019,NULL,NULL
945,Jelani Greene,jelani.greene@duke.edu,2019,NULL,NULL
946,Christian Wolf,christian.wolf@duke.edu,2021,NULL,NULL
947,Owen Mendoza,owen.mendoza@duke.edu,2020,NULL,NULL
948,Stone Henry,stone.henry@duke.edu,2020,NULL,NULL
949,Arthur Preston,arthur.preston@duke.edu,2021,NULL,NULL
950,August Vega,august.vega@duke.edu,2019,NULL,NULL
951,Ivana Rios,ivana.rios@duke.edu,2020,NULL,NULL
952,Arden Kaufman,arden.kaufman@duke.edu,2020,NULL,NULL
953,Nayda Bauer,nayda.bauer@duke.edu,2020,NULL,NULL
954,Ifeoma Davenport,ifeoma.davenport@duke.edu,2019,NULL,NULL
955,Hop Decker,hop.decker@duke.edu,2019,NULL,NULL
956,Miranda Fernandez,miranda.fernandez@duke.edu,2019,NULL,NULL
957,Lara Dunlap,lara.dunlap@duke.edu,2019,NULL,NULL
958,Cairo Battle,cairo.battle@duke.edu,2021,NULL,NULL
959,Nash Stuart,nash.stuart@duke.edu,2022,NULL,NULL
960,Steel Randall,steel.randall@duke.edu,2021,NULL,NULL
961,Robert Landry,robert.landry@duke.edu,2021,NULL,NULL
962,Graham Gilbert,graham.gilbert@duke.edu,2022,NULL,NULL
963,Amber Dennis,amber.dennis@duke.edu,2021,NULL,NULL
964,Echo Mullen,echo.mullen@duke.edu,2020,NULL,NULL
965,Alfonso Moses,alfonso.moses@duke.edu,2022,NULL,NULL
966,Bevis Hill,bevis.hill@duke.edu,2019,NULL,NULL
967,Emerson Odonnell,emerson.odonnell@duke.edu,2020,NULL,NULL
968,Forrest Rice,forrest.rice@duke.edu,2021,NULL,NULL
969,Hannah Preston,hannah.preston@duke.edu,2021,NULL,NULL
970,Quinn Stein,quinn.stein@duke.edu,2021,NULL,NULL
971,Elvis Carson,elvis.carson@duke.edu,2021,NULL,NULL
972,Alisa Washington,alisa.washington@duke.edu,2021,NULL,NULL
973,Gareth Nelson,gareth.nelson@duke.edu,2019,NULL,NULL
974,Kylynn Gibson,kylynn.gibson@duke.edu,2021,NULL,NULL
975,Blythe Cohen,blythe.cohen@duke.edu,2019,NULL,NULL
976,Arthur Trevino,arthur.trevino@duke.edu,2020,NULL,NULL
977,Tate Thompson,tate.thompson@duke.edu,2022,NULL,NULL
978,Henry Valdez,henry.valdez@duke.edu,2020,NULL,NULL
979,Glenna Christian,glenna.christian@duke.edu,2022,NULL,NULL
980,Hayley Porter,hayley.porter@duke.edu,2022,NULL,NULL
981,Hayden Chapman,hayden.chapman@duke.edu,2021,NULL,NULL
982,Upton Terrell,upton.terrell@duke.edu,2020,NULL,NULL
983,Ursa Fischer,ursa.fischer@duke.edu,2022,NULL,NULL
984,Jackson Gregory,jackson.gregory@duke.edu,2020,NULL,NULL
985,Boris Duran,boris.duran@duke.edu,2022,NULL,NULL
986,Yvonne Fry,yvonne.fry@duke.edu,2020,NULL,NULL
987,Chaim Warner,chaim.warner@duke.edu,2019,NULL,NULL
988,Halla Moore,halla.moore@duke.edu,2019,NULL,NULL
989,Dawn Conrad,dawn.conrad@duke.edu,2022,NULL,NULL
990,Quinn Lawson,quinn.lawson@duke.edu,2020,NULL,NULL
991,Myles Potter,myles.potter@duke.edu,2021,NULL,NULL
992,Kessie Stone,kessie.stone@duke.edu,2020,NULL,NULL
993,Tana Larsen,tana.larsen@duke.edu,2021,NULL,NULL
994,Marny Rivers,marny.rivers@duke.edu,2019,NULL,NULL
995,Kaye Guerra,kaye.guerra@duke.edu,2019,NULL,NULL
996,Tanya Valencia,tanya.valencia@duke.edu,2021,NULL,NULL
997,Malcolm Calhoun,malcolm.calhoun@duke.edu,2022,NULL,NULL
998,Quinn Hines,quinn.hines@duke.edu,2022,NULL,NULL
999,Darius Reid,darius.reid@duke.edu,2021,NULL,NULL
1000,Marcia Foreman,marcia.foreman@duke.edu,2022,NULL,NULL